kind,etag,trending_date,videoId,publishedAt,channelId,channelTitle,title,description,comment,viewCount,likeCount,videoCategory,favoriteCount,commentCount
youtube#video,T-zKXvo9Pq7_vMlAeZ0u8t88dC4,2021-12-19,gwdEvPAWDfM,2021-12-16T08:37:04Z,UCTcATaNqlaCF4zkZp29BJRQ,Blok & Dino,‡∂¥‡∑ä‚Äç‡∂ª‡∑ì‡∂≠‡∑í Christmas Games - Gehan Blok & Dino Corera,"Created by¬†Gehan Blok & Dino Corera

Cast
Gehan Blok
Dino Corera
Nimal Jayasinghe
Padma Mendis
Chantal Dassanayake
Anurudhdha Fernando
Hansi Gamage¬†
Kalpa Maduranga
Vinula Vidusara

Client¬†| Softlogic | https://mysoftlogic.lk/ 

Video Director : Mohamed Fayad
Line Producer: Iroshan Dananjaya
Director of Photography: Srinika Liyanage
Editor : Haritha Fernando
Colorist: Ananda Bandara | Best Pictures
Sound Edit and Score: Dino Corera
Sound Mixing and Mastering: Pasan Liyanage @ RedFox¬† 
Andawane Baila Track: Kasun Wickremasignhe @ Rabbitunes Studio
VFX : Mohamed Fayad
Art Director: Thusitha Aththanayaka
2nd Cameraman : Susantha Kappitiyagoda
Production Manager : Iroshan Dananjaya
Asst.Director : Supun Auranga
Makeup: Lasitha Amarabandu 

Tactical Replica Weapons and Tactical weapon¬† handling guided by Highres Pvt Ltd
Facebook : https://www.facebook.com/highreslk/
YouTube : https://youtube.com/channel/UCtaJEAGmt1jl9cuLnOCiRqg

Commercial Costume Partner
Tales by Tia
https://www.instagram.com/talesbytia_ceylon/
Contact number +94 (72) 174 8791

Focus Puller: Shiran Lakshan / Chulaka Saman
Gaffer: Shalitha Jayasundara
Sound Recordist:¬† Ranjith Ranasinghe
Art Department : Asiri Jayarathna / Damith Wijayabandara
Costume : Janaka Akuramboda
1st Camera Asst : Kushan Epa Arachchi
2nd AC: Upul
Technicians: Suranga Balawinnage,Maduranga Mahesh,H.R Dilshan,Suresh,Chanuka,Amila
Rain Towers : Film Location Services
BTS coverage: Madhawa Warusahanna
Post Production Studio - Aerial View Studio
Production Asst: Mangle Kumara / Malith
Transport : Nalin Priyantha / Rasika chaminda / Ashoka Bandara / Samaree

Extra character : Lahiru sampath / Kasun chathuranga / Thilina De Zoysa / Aravinda rathnayaka / 

Special thanks
Rio Cinema 
Maduranga Roshan
Bimal Dushmantha
Suyama Hewagama¬†
Malinda Sampath

#blokanddino #gehanblok #dinocorera","‡∑É‡∑í‡∂Ç‡∑Ñ‡∂Ω, ‡Æ§‡ÆÆ‡Æø‡Æ¥‡Øç and English Subtitles Included.",640124,41727,Entertainment,0,2896
youtube#video,dDMwLDV3vp18h-VI1cij4iTVT-M,2021-12-19,2pumZasMYjs,2021-12-10T11:57:39Z,UCvivK4AwTrkPBnmrObTFxaQ,Bathiya N Santhush,Unmada Prema Geeya (‡∂ã‡∂±‡∑ä‡∂∏‡∑è‡∂Ø ‡∂¥‡∑ä‚Äç‡∂ª‡∑ö‡∂∏ ‡∂ú‡∑ì‡∂∫) - BNS x Yohani ft. Kaizer Kaiz | Official Music Video,"Title | Unmada Prema Geeya
Artistes | Bathiya and Santhush with Yohani ft. Kaizer Kaiz
Composed & Arranged | Chamitha Cooray
Music Produced & Mixed | Chamitha Cooray @ Saregama Music
Lyrics | Nilar N Cassim
Mastered by Mahesh Kankanige
Video Directed by Saminda Wathawanavithanage 

#UnmadaPremaGeeya #BNS #Yohani #Kaizer #UPG #BathiyaandSanthush",BNS ‚ù§Ô∏èüòò,1082308,56230,Entertainment,0,3893
youtube#video,EofwkhwP5zUsFHM6E2sdM-ysMAk,2021-12-19,-Ca8V1-ihq0,2021-12-18T11:00:00Z,UC0Wju2yvRlfwqraLlz5152Q,PANDA BOI,Love or Play Station? #shorts,"New mix of my funny and entertaining videos.

Follow me on other platforms for more funny videos:
Instagram : https://www.instagram.com/pandaboi.com_/
Tiktok : https://www.tiktok.com/@pandaboi.com

Hit the LIKE , SHARE and SUBSCRIBE button ‚ù§Ô∏è

#pandaboi #pandaboireactions #pandaboititkok #tiktok #funnytiktoks #funny #pranks #prankvideos #funnypranktiktoks #reactions #entertainingvideos #shorts","How often I will say,if I would there, Would choose you ü•∞",24880216,1352941,Entertainment,0,25249
youtube#video,0yuQfwOlFEtZCsJgkWQcp-8kXl0,2021-12-19,_mBtTrmBcRc,2021-12-11T19:29:20Z,UCcbOsE5_4LEjtQi8X2PFxDw,Hiru Star,Sande Kalum Sinase - ‡∑É‡∂≥‡∑ö ‡∂ö‡∑ê‡∂Ω‡∑î‡∂∏‡∑ä ‡∑É‡∑í‡∂±‡∑è‡∑É‡∑ì | Swetha Mihirangiüí•Hiru Star Season 3 | Episode 19üî•,"Sande Kalum Sinase - ‡∑É‡∂≥‡∑ö ‡∂ö‡∑ê‡∂Ω‡∑î‡∂∏‡∑ä ‡∑É‡∑í‡∂±‡∑è‡∑É‡∑ì | Swetha Mihirangi
üí•Hiru Star Season 3 | Episode 19üî•

üí•Hiru Star App ‡∂ë‡∂ö ‡∂î‡∂∂‡∂≠‡∑ä ‡∂Ø‡∑ê‡∂±‡∑ä‡∂∏ Download ‡∂ö‡∂ª‡∂ú‡∂±‡∑ä‡∂±...
üìåiOS - https://goo.gl/4zmabW
üìåAndroid - https://goo.gl/oNHxZi

 #Hirustarseason3 #No1RealityShow #HiruStarLK #FacebookLive #Live #SriLanka #HiruDigital #Episode19 #SwethaMihirangi #SandeKalumSinase","Mat ‡∂Ö‡∑Ä‡∑î‡∂ª‡∑î‡∂Ø‡∑î 19 n bande 20 n ‡∂Ø‡∑î‡∑Ä hambune ‡∑Ñ‡∑ú‡∂≥ hasban ‡∂ö‡∑ô‡∂±‡∑ô‡∂ö‡∑ä ‡∂Ω‡∑ê‡∂∂‡∑ñ nanam ‡∂Ω‡∑ù‡∂ö‡∑ö dinanna mkut one na ‡∂ë‡∂∫‡∑è ‡∂î‡∂∫‡∑è‡∂ß ‡∂ú‡∑ú‡∂©‡∂ö‡∑ä ‡∂ã‡∂Ø‡∑Ä‡∑ä ‡∂ö‡∂ª‡∂±‡∑Ä‡∑è ati ‡∂î‡∑Ñ‡∑ú‡∂∏ ‡∂ë‡∂±‡∑ä‡∂± t ‡∂Ω‡∑É‡∑ä‡∑É‡∂± i kata hada ‡∂∂‡∑î‡∂Ø‡∑î sarani ,sihan sir,pute ‡∂ö‡∑í‡∂∫‡∂Ω‡∑è kata kare ‡∂Ü‡∂Ø‡∂ª‡∑ô hituna e ‡∂ß‡∑í‡∂ö ta ü•∞ü•∞",657825,9839,Music,0,708
youtube#video,6K5cYk7N0013Pc9XQpXxoH9BW-E,2021-12-19,9nhPlqoDIRM,2021-12-15T11:27:16Z,UCEa6e_J_Xs_GKCzG8Eq15Xw,SGM Tunes,Hitha Matha (‡∑Ñ‡∑í‡∂≠‡∑è ‡∂∏‡∂≠‡∑è ‡∂â‡∂ü‡∂≠‡∑ä ‡∑É‡∂Ω‡∑è) - Raveen Tharuka ft. Dulan ARX | Official Music Video,"Title | Hitha Matha 
Artiste | Raveen Tharuka ft. Dulan ARX
Music Produced by Chamath Sangeeth
Lyrics | Dulan ARX
Directed by Charuka Dushyantha
Production | SGM Tunes

Copyright & Distribution SGM Tunes 2021

SGM Tunes 2021

#HithaMatha #SGMTunes #ChamathSangeeth #RaveenTharuka #DulanARX 
#HithaMathaIgathSala  #Kelle 

hitha matha igath sala","HITHA MATHA song lyrics 

‡∂à.. ‡∂∏‡∑î‡∂Ø‡∑î ‡∂ö‡∑ù‡∂∏‡∂Ω‡∑ì ‡∂∏‡∑è
‡∂Ø‡∑ô‡∑É ‡∂∫‡∂Ω‡∑í ‡∑Ñ‡∑ê‡∂ª‡∑ì‡∂Ω‡∑è
‡∂ª‡∑í‡∑É‡∑í ‡∑É‡∑ö ‡∂∂‡∑ê‡∂Ω‡∑î‡∂∏‡∑ä ‡∑Ñ‡∑ô‡∂Ω‡∑è‡∂Ω‡∑è..

‡∂¥‡∑ë.. ‡∂â‡∂ü‡∑í ‡∂∏‡∑è ‡∑Ä‡∑ô‡∂Ω‡∑è‡∂Ω‡∑è
‡∑É‡∑î‡∑É‡∑î‡∂∏‡∂±‡∑ä ‡∑Ä‡∑í‡∂Ø‡∑è‡∂Ω‡∑è
‡∑Ñ‡∑í‡∂≠ ‡∂∏‡∑è ‡∂Ø‡∑î‡∂ö‡∑í‡∂±‡∑ä ‡∂∏‡∑î‡∂Ø‡∑è..
‡∂ö‡∑ô‡∂Ω‡∑ä‡∂Ω‡∑ô !!

(Hook)
‡∑Ñ‡∑í‡∂≠‡∑è ‡∂∏‡∂≠‡∑è ‡∂â‡∂ü‡∂≠‡∑ä ‡∑É‡∂Ω‡∑è
‡∂Ω‡∂≠‡∑è ‡∂±‡∑î‡∂π‡∑ö ‡∑Ñ‡∑ê‡∂ü‡∑î‡∂∏‡∑ä ‡∂¥‡∑ô‡∂Ω‡∑è
‡∂∏‡∑è ‡∑Ñ‡∑í‡∂≠ ‡∂Ø‡∑Ä‡∑è ‡∂î‡∂∫‡∑è ‡∂±‡∂ú‡∑è
‡∂ö‡∑ê‡∂±‡∑ä‡∂Ø‡∑è ‡∂∫‡∂±‡∑ä‡∂±‡∑ö ‡∂∏‡∂Ç ‡∂ö‡∂Ω‡∑ä ‡∂∂‡∂Ω‡∑è..//

‡∂∏‡∂± ‡∂∂‡∑ê‡∂≥‡∑î‡∂´‡∑î ‡∂ö‡∑í‡∂Ç‡∂ö‡∑í‡∂´‡∑í ‡∂ö‡∂≠‡∑è‡∑Ä
‡∂±‡∑ô‡∂≠ ‡∂ú‡∑ê‡∂ß‡∑î‡∂±‡∑î ‡∂±‡∑í‡∂≠‡∂π ‡∂Ω‡∂≠‡∑è‡∑Ä
‡∂ë‡∂Ø‡∑è ‡∂â‡∂ü‡∑í ‡∂∂‡∑í‡∂ü‡∑í ‡∂ö‡∂Ω ‡∂ª‡∂ß‡∑è‡∑Ä 
‡∑Ñ‡∂Ø ‡∂ö‡∑í‡∂≠‡∑í ‡∂ö‡∑ê‡∑Ä‡∑ì ‡∂ú‡∑í‡∂∫‡∑è..

‡∂±‡∑î‡∂π ‡∂∏‡∂ú‡∑ö‡∂∏ ‡∂±‡∑ú‡∑Ä‡∑ô‡∂Ø ‡∑Ñ‡∑í‡∂≠‡∑è‡∂±
‡∑Ñ‡∑í‡∂≠ ‡∂á‡∂≥‡∑î‡∂±‡∑î ‡∂±‡∑î‡∂π‡∂∏ ‡∂¥‡∂≠‡∑è‡∂±
‡∂Ü‡∑Ä‡∑ô ‡∂∫‡∂±‡∑ä‡∂± ‡∂Ö‡∂ª‡∂ú‡∑ô‡∂± ‡∂î‡∂≠‡∑è‡∂±
‡∂ö‡∑ô‡∂Ω‡∑ä‡∂Ω‡∑ô ‡∂±‡∑î‡∂π ‡∂≠‡∂∏‡∑è ‡∂ö‡∑ô‡∂±‡∑è..

‡∂ª‡∑î‡∑Ä ‡∂Ü‡∂∫‡∑ö ‡∂Ø‡∂ö‡∑í‡∂±‡∑è ‡∂Ø‡∑í‡∂± ‡∑Ñ‡∂Ø ‡∂∏‡∑è‡∂ú‡∑ö ‡∑Ä‡∂∫‡∂±‡∑è..
‡∂∏‡∑î‡∂Ø‡∑î ‡∂≠‡∑è‡∂Ω‡∂∫‡∑ô‡∂±‡∑ä‡∂∏ ‡∂Ü‡∂∫‡∑ö ‡∂∏‡∂≠‡∑ä ‡∂ã‡∂±‡∑è..//

(Hook)
‡∑Ñ‡∑í‡∂≠‡∑è ‡∂∏‡∂≠‡∑è ‡∂â‡∂ü‡∂≠‡∑ä ‡∑É‡∂Ω‡∑è..//

RAP
‡∂±‡∑î‡∂π‡∑ö ‡∂Ω‡∂≠‡∑è..
‡∂Ø‡∑ê‡∂ö‡∑ä‡∂ö ‡∑Ñ‡∑í‡∂≠ ‡∑Ä‡∂ú‡∑ô‡∂∫‡∑í ‡∂≠‡∂±‡∑í ‡∂á‡∂≠‡∑è..(‡∂á‡∂≠‡∑è)
‡∂±‡∑î‡∂π ‡∂¥‡∂≠‡∑è
‡∂á‡∂Ø‡∂∂‡∑ë‡∑Ä‡∑ö ‡∂∂‡∑ö‡∂ú‡∂Ω‡∑ä ‡∂ú‡∑ú‡∂≠ ‡∂ú‡∑ú‡∂≠‡∑è..(‡∂ú‡∑ú‡∂≠‡∑è‡∑è‡∑è)

‡∂∂‡∑í‡∂±‡∑ä‡∂± ‡∂∂‡∑ê‡∑É‡∑ä‡∑É‡∂≠‡∑ä ‡∂±‡∑ú‡∂∂‡∑ê‡∑É‡∑ä‡∑É‡∂≠‡∑ä ‡∂∏‡∂Ç ‡∂ã‡∑É‡∑ä‡∑É‡∂±‡∑ä‡∂±‡∑ô ‡∂ö‡∑ô‡∂Ω‡∑ä‡∂Ω
‡∂∏‡∂Ç ‡∂ö‡∑ê‡∑É‡∑ä‡∑É‡∂≠‡∑ä ‡∂±‡∑î‡∂ª‡∑î‡∑É‡∑ä‡∑É‡∂±‡∑ä‡∂±‡∑ö ‡∂Ü‡∂Ω‡∑ô‡∂ß ‡∂±‡∑ö‡∂Ø ?
‡∂∂‡∑ê‡∑É‡∑ä‡∑É‡∂≠‡∑ä ‡∑Ä‡∑í‡∑É‡∑ä‡∑É‡∂ö‡∑ä ‡∂ö‡∑è‡∂ß‡∂≠‡∑ä ‡∂±‡∑ë ‡∂∏‡∑ô‡∂Ω‡∑ä‡∂Ω 
‡∂Ø‡∑ê‡∂Ç ‡∑Ä‡∑í‡∑É‡∑ä‡∑É‡∂≠‡∑ä ‡∂¥‡∑ê‡∂±‡∑ä‡∂±‡∑è ‡∑Ñ‡∂ª‡∑í ‡∂ö‡∑è‡∂Ω‡∑ö‡∂±‡∑ö ‡∂±‡∑ö‡∂Ø ?

‡∑Ä‡∂∫‡∂±‡∑ä‡∂±‡∂∏‡∑ä ‡∂∏‡∂Ç ‡∂Ü‡∂Ω‡∑ö ‡∑É‡∑í‡∂≠‡∑è‡∂ª‡∑ö
‡∂ú‡∂Ω‡∂Ç ‡∂∫‡∂±‡∑ä‡∂±‡∑ö ‡∂∏‡∂ú‡∑ö ‡∂Ü‡∂Ω‡∑ö ‡∂¥‡∑í‡∂ß‡∑è‡∂ª‡∑ö..
‡∂Ø‡∑î‡∂±‡∑ä‡∂≠‡∂≠‡∑ä ‡∑Ñ‡∑í‡∂≠ ‡∂±‡∑î‡∂π ‡∂Ö‡∑Ä‡∑è‡∂ª‡∑ö
‡∂ú‡∑ê‡∑Ñ‡∑î‡∑Ä‡∂≠‡∑ä ‡∂ö‡∂±‡∂¥‡∑í‡∂ß ‡∂ú‡∂≠‡∑í ‡∂±‡∂Ç ‡∂±‡∑ë‡∂ª‡∑ö ‡∂∏‡∂ú‡∑ö..

‡∂∏‡∑î‡∂Ø‡∑è‡∂ú‡∂≠‡∑ä‡∂≠‡∑ö ‡∂Ö‡∂Ω‡∂ö‡∂Ω‡∂Ç‡∂†‡∑í‡∂∫‡∑ô‡∂±‡∑ä (‡∑Ñ‡∑è‡∑Ñ‡∑ä)
‡∂ú‡∂±‡∑í‡∂†‡∑ä‡∂†‡∑í‡∂∫‡∂ö‡∑ä ‡∂±‡∑ë ‡∂Ø‡∑ê‡∂±‡∑ä ‡∂≠‡∑Ñ‡∂Ç‡∂†‡∑í‡∂∫‡∑ô‡∂±‡∑ä..(‡∑Ñ‡∑è‡∑Ñ‡∑ä)
‡∂Ö‡∂≠‡∂ú‡∂±‡∑ä‡∂±‡∑ô ‡∑Ä‡∑ô‡∂±‡∑ä‡∂±‡∑ë ‡∂≠‡∑ú‡∂Ω‡∑ú‡∂Ç‡∂†‡∑í ‡∂∏‡∂Ç
‡∂Ö‡∂Ç‡∂†‡∑í ‡∂Ö‡∂Ø‡∑í‡∂± ‡∂ã‡∂±‡∑ä‡∂ß ‡∂Ø‡∑ô‡∂±‡∑ä‡∂±‡∑ô ‡∂¥‡∂Ω‡∂Ç‡∂†‡∑í‡∂∫‡∑ô‡∂±‡∑ä..

‡∂ö‡∑ô‡∂Ω‡∑ä‡∂Ω‡∑ô..!
Hook)
‡∑Ñ‡∑í‡∂≠‡∑è ‡∂∏‡∂≠‡∑è ‡∂â‡∂ü‡∂≠‡∑ä ‡∑É‡∂Ω‡∑è..//

Lyrics by Dulan ARX",380864,21732,Entertainment,0,1490
youtube#video,oEO4uWSTOctZ0fxmGXnCmCWPOv0,2021-12-19,NXu-OkSOrHQ,2021-12-14T10:57:26Z,UCUvHXAEbFzdArW3FbzeT_Yw,Eshan Dias,‡∂∏‡∂ú‡∑ö ‡∑Ä‡∂∫‡∑í‡∑Ü‡∑ä...üòÇüíî,,What's the mining of BTS????,318408,10894,Comedy,0,210
youtube#video,MmzbOW81WQ3-y5wSo0CJvAavT2I,2021-12-19,eMjfPtw65E4,2021-12-12T12:20:28Z,UC8AMm5NxsMra2cjlewCb8QA,Hiru FM,Athula Adikari | Kavindya Adikari | Hiru Buddy Blast ‡∑Ä‡∑ö‡∂Ø‡∑í‡∂ö‡∑è‡∑Ä‡∑ö ‡∂Ø‡∑ì ‡∂ö‡∑è‡∑Ä‡∑í‡∂±‡∑ä‡∂Ø‡∑ä‚Äç‡∂∫‡∑è ‡∂Ö‡∂≠‡∑î‡∂Ω‡∑Ä ‡∂¥‡∑î‡∂Ø‡∑î‡∂∏ ‡∂ö‡∂ª‡∑Ä‡∂¥‡∑î ‡∑Ñ‡∑ê‡∂ß‡∑í,"‡∂∏‡∑ö ‡∑Ä‡∂ú‡∑ö ‡∂≠‡∑Ä‡∂≠‡∑ä ‡∑Ä‡∂ß‡∑í‡∂±‡∑è VIDEOS ‡∂±‡∂ª‡∂π‡∂±‡∑ä‡∂±, ‡∂Ø‡∑ê‡∂±‡∑ä‡∂∏ ‡∂Ö‡∂¥‡∑í‡∑Ä SUBSCRIBE ‡∂ö‡∂ª‡∂±‡∑ä‡∂±.
Listen Live on - https://www.hirufm.lk/
Official Facebook Page-https://www.facebook.com/HiruFMSriLanka/
Official instagram - https://www.instagram.com/hirufmlk/?h...

Hiru fm,Sri lanka's No 01 radio channel.
FM 96.1 - Islandwide
FM 96.3 - Islandwide.

¬©Hiru FM  - All Rights Reserved ¬Æ
#HiruFM #AthulaAdikari #KavindyaAdikari #HiruDigital #HiruBuddyBlast",Amma thaththa monawa karath dennatama kawadawath waradak kiyanne ne.dennatama eka wage aadarei.kavi samaharak welawata nokala weradi walata danduwam vindinawa.eth a hemadama hinawela baragannawa.oyata kawadawath waradinne ne puthe.budu saranai,705979,12566,Entertainment,0,819
youtube#video,i9J5pp4b6Rqyir-hRfOBL6W8L0Q,2021-12-19,GTISaFig7I4,2021-12-15T06:30:03Z,UCiJfplrc7idtWYpDsI325yQ,Travel With Wife,FAMILY VACATION | SHADY HILLS HUNNASGIRIYA | VACATION VLOG #2,"Want to experience hill-front hotel in Sri Lanka??
So we‚Äôre sharing our time at the NEW Shady Hills Hotel Hunnasgiriya..
Overall experience gives us the vibes of staying on a hill and we love vibe.. so come on and check it out!!

‚å® WEBSITE : http://www.shadyhills.lk
‚òé RESERVATIONS : +94 76 332 8533
‚úâ EMAIL : reservations@shadyhills.lk
‚û§ INSTAGRAM : http://tiny.cc/nvimuz
‚û§ FACEBOOK : http://tiny.cc/qvimuz

üè® RATES (FULL BOARD)
Delux Double - 27,000/-
Deluxe Triple - 32,500/-
Honeymoon suite - 30,000/-

üë™ CHILDREN‚ÄôS MEAL POLICY
Please note children ages 0-5 dine free of charge

‚úàÔ∏è LOCATED 
13km from Hunnasgiriya to Meemure route.
Closest town to Shady Hills is Hunnasgiya.

Route from Colombo;
‚Ä¢ Colombo to Kandy ‚Äì 120Km
‚Ä¢ Kandy to Hunnasgiriya Town ‚Äì 44Km
‚Ä¢ Turn left from Hunnasgiriya town on to Meemure route ‚Äì 13 Km to Shady Hills

Like üëç Share ‚ù§ Subscribe üîî Click the bell

TRAVEL WITH WIFE on Social Media
‚úò Follow on Facebook : http://tiny.cc/TWWFB
‚úò Follow on Instagram : http://tiny.cc/TWWIG
‚úò Follow on TikTok : http://tiny.cc/TWWTIKTOK
‚úò Telegram channel : http://tiny.cc/TWWTG
‚úò Follow on Twitter : http://tiny.cc/TWWTwitter

You can listen to the Hi Travelers Podcast here üëáüèª
https://Podcast.travelwithwife.com

Using copyright free music and sound effects üëáüèª
http://tiny.cc/epidemicsoundTWW
‚ö† Register NOW 30 Days free UNLIMITED MUSIC with this link

¬© 2021 Copyrights are owned by Travel With Wife (PVT) LTD. 

#TravelWithWife",Duwa lassanai,293345,15665,Travel & Events,0,909
youtube#video,xWUc0f3uRFdpGiJlwJVa1boDfqY,2021-12-19,_eEtUGvPirE,2021-12-08T10:30:06Z,UCfYQW_0xEVwKfePgWRxTYhg,Janai Priyai,Janai Priyai - No Pay... | ‡∂±‡∑ù ‡∂¥‡∑ö...,"Concept/Script & Direction: Janai Priyai
Guest Artist: Chandima Karunadasa
Production Designer: Dheera Serasinghe
Dop: Gimantha Arampath
Editor & Colourist: Kosala Nawarathne
Concept Developer: Damith Welikala
Creative Graphic Designer: Kasun Asanka
Assist Director: Eranga Dasanayake
Make-up Artist: S.Dissanayake
Music /Mixing and Mastering: Vishwa Sankalpa
Social Media Manager: Asitha Dananjaya
Head of Marketing: Lalindra Kumara
Accounting and HR Manager: Kasun Chamara

Subscribe and keep in touch with us.Hit the bell icon to get notifed on our new uploads

Connect with us on 
Facebook -https://www.facebook.com/JanaiPriyai/
Instagram - https://www.instagram.com/janaipriyai/


¬© Copyrights | Janai Priyai (Pvt) Ltd. (2021)",‡∂±‡∑ú‡∂¥‡∑ö ‡∑É‡∑î‡∂¥‡∑í‡∂ª‡∑í ‚ù§Ô∏è,775251,32795,Comedy,0,1160
youtube#video,hRHJzlnvngvZDoKKMPaCTb0BrJQ,2021-12-19,_Q8fch14bos,2021-12-16T16:30:12Z,UCaIc6SgS90ud_RgMSC6hW_w,Swarnavahini TV,Nadagamkarayo Episode 237 || ''‡∂±‡∑è‡∂©‡∂ú‡∂∏‡∑ä‡∂ö‡∑è‡∂ª‡∂∫‡∑ù'' || 16th December 2021,"Watch swarnavahini Programmes & More Updates at https://swarnavahini.lk/

SWARNAVAHINI ON SOCIAL

Follow on Facebook : https://www.facebook.com/swarnavahini  

Follow us on instagram : https://www.instagram.com/swarnavahini.tv/

Subscribe on YouTube: https://www.youtube.com/channel/UCaIc6SgS90ud_RgMSC6hW_w?sub_confirmation=1

Follow us TikTok : https://www.tiktok.com/@swarnavahinisl?lang=en

WWW.YOUTUBE.COM/C/SWARNAVAHINITV 
PROPERTY OF EBC LIMITED.
UNAUTHORIZED COPYING, REPRODUCTION, REPUBLISHING, UPLOADING, DOWNLOADING, TRANSMITTING OR DUPLICATING ANY OF THE CONTENT IN THIS CHANNEL  IS STRICTLY PROHIBITED.

#Nadagamkarayo #‡∂±‡∑è‡∂©‡∂ú‡∂∏‡∑ä‡∂ö‡∑è‡∂ª‡∂∫‡∑ù  #Teledrama #Swarnavahini","‡∂ö‡∂≠‡∑è‡∑Ä ‡∂ª‡∂±‡∑ä ‡∂Ø‡∑ê‡∂±‡∑ä ‡∂Ö‡∂¥‡∑ä‡∂¥‡∑í‡∂ª‡∑í‡∂∫‡∂∫‡∑í

‡∂ö‡∑ñ‡∂π‡∑í‡∂∫‡∑ù 
‡∑É‡∑î‡∂Ø‡∑î ‡∂á‡∂Ø‡∂ú‡∑ô‡∂± ‡∂ö‡∂Ω‡∑î ‡∂á‡∑Ä‡∑í‡∂Ø‡∑í‡∂±‡∑ä 

‡∂ö‡∂≠‡∑è ‡∂ë‡∂ö‡∑ä‡∂ö ‡∂∂‡∂Ω‡∂Ø‡∑ä‡∂Ø‡∑í ‡∂∏‡∑ô‡∂∫‡∑è ‡∂∏‡∑ú‡∂±‡∑Ä‡∂Ø ‡∂ö‡∑í‡∂∫‡∂Ω‡∑è ‡∑Ñ‡∑í‡∂≠‡∑ô‡∂±‡∑Ä‡∑è",1591987,26767,Entertainment,0,905
